fileName,execTime,avg_exec_time,ioReadTime,avg_io_read_time,ioWriteTime,avg_io_write_time,pixelNum,version
../performance/sample_images/sample_640x427.bmp,0.198701708,0.000434425,0.094073469,0.000940735,2.861122514,0.001987017,273280,2
../performance/sample_images/sample_1280x853.bmp,0.774904143,0.001823305,0.626024743,0.006260247,3.004806663,0.007749041,1091840,2
../performance/sample_images/sample_1920x1280.bmp,1.484510122,0.00417958,1.234313772,0.012343138,3.059452859,0.014845101,2457600,2
../performance/sample_images/sample_3840x2160.bmp,4.131989104,0.014326062,4.205258118,0.042052581,3.108755505,0.041319891,8294400,2
